# Host: localhost  (Version 5.5.5-10.1.28-MariaDB)
# Date: 2018-07-14 20:38:09
# Generator: MySQL-Front 6.0  (Build 2.20)


#
# Structure for table "sp_orangtua"
#

DROP TABLE IF EXISTS `sp_orangtua`;
CREATE TABLE `sp_orangtua` (
  `no_spanggilan` varchar(17) NOT NULL DEFAULT '',
  `no_speringatan` varchar(17) DEFAULT NULL,
  `tgl_spanggilan` date DEFAULT NULL,
  PRIMARY KEY (`no_spanggilan`)
) ENGINE=InnoDB DEFAULT CHARSET=latin1;

#
# Data for table "sp_orangtua"
#

INSERT INTO `sp_orangtua` VALUES ('SPO18100700000001','SPT18100700000001','2018-07-10');

#
# Structure for table "tb_admin"
#

DROP TABLE IF EXISTS `tb_admin`;
CREATE TABLE `tb_admin` (
  `id_admin` int(5) NOT NULL AUTO_INCREMENT,
  `username` varchar(30) DEFAULT NULL,
  `password` varchar(30) DEFAULT NULL,
  `nm_admin` varchar(20) DEFAULT NULL,
  PRIMARY KEY (`id_admin`)
) ENGINE=InnoDB AUTO_INCREMENT=2 DEFAULT CHARSET=latin1;

#
# Data for table "tb_admin"
#

INSERT INTO `tb_admin` VALUES (1,'admin','admin','Mr. Boruto');

#
# Structure for table "tb_biayaspp"
#

DROP TABLE IF EXISTS `tb_biayaspp`;
CREATE TABLE `tb_biayaspp` (
  `id_biayaspp` varchar(10) NOT NULL DEFAULT '0',
  `angkatan` varchar(4) DEFAULT NULL,
  `biaya_spp` bigint(12) DEFAULT NULL,
  PRIMARY KEY (`id_biayaspp`)
) ENGINE=InnoDB DEFAULT CHARSET=latin1;

#
# Data for table "tb_biayaspp"
#

INSERT INTO `tb_biayaspp` VALUES ('B0001','2015',275000),('B0002','2016',300000),('B0003','2017',350000),('B0004','2018',400000);

#
# Structure for table "tb_kelas"
#

DROP TABLE IF EXISTS `tb_kelas`;
CREATE TABLE `tb_kelas` (
  `id_kelas` varchar(5) NOT NULL DEFAULT '0',
  `nm_kelas` varchar(10) DEFAULT NULL,
  PRIMARY KEY (`id_kelas`)
) ENGINE=InnoDB DEFAULT CHARSET=latin1;

#
# Data for table "tb_kelas"
#

INSERT INTO `tb_kelas` VALUES ('K0001','7-1'),('K0002','7-2'),('K0005','8-1'),('K0006','8-2'),('K0009','9-1'),('K0010','9-2');

#
# Structure for table "tb_pembayaranspp"
#

DROP TABLE IF EXISTS `tb_pembayaranspp`;
CREATE TABLE `tb_pembayaranspp` (
  `no_pemspp` varchar(15) NOT NULL DEFAULT '',
  `nisn` varchar(10) DEFAULT NULL,
  `id_kelas` varchar(5) DEFAULT NULL,
  `id_biayaspp` varchar(10) DEFAULT NULL,
  `bulan` varchar(14) DEFAULT NULL,
  `jatuh_tempo` date DEFAULT NULL,
  `tgl_pemspp` date DEFAULT NULL,
  `keterangan` varchar(11) DEFAULT NULL,
  `id_admin` int(5) DEFAULT NULL,
  PRIMARY KEY (`no_pemspp`),
  KEY `nisn` (`nisn`,`id_kelas`,`id_biayaspp`)
) ENGINE=InnoDB DEFAULT CHARSET=latin1;

#
# Data for table "tb_pembayaranspp"
#

INSERT INTO `tb_pembayaranspp` VALUES ('T16090700000001','0031923874','K0001','B0002','Juli 2016','2016-07-10','2016-07-10','LUNAS',1),('T16090700000002','0031923874','K0001','B0002','Agustus 2016','2016-08-10','2016-08-10','LUNAS',1),('T16090700000003','0031923874','K0001','B0002','September 2016','2016-09-10','2016-09-10','LUNAS',1),('T16090700000004','0031923874','K0001','B0002','Oktober 2016','2016-10-10','2016-10-10','LUNAS',1),('T16090700000005','0031923874','K0001','B0002','November 2016','2016-11-10','2016-11-10','LUNAS',1),('T16090700000006','0031923874','K0001','B0002','Desember 2016','2016-12-10','2016-12-10','LUNAS',1),('T16090700000007','0031923874','K0001','B0002','Januari 2017','2017-01-10','2017-01-10','LUNAS',1),('T16090700000008','0031923874','K0001','B0002','Februari 2017','2017-02-10','2017-02-10','LUNAS',1),('T16090700000009','0031923874','K0001','B0002','Maret 2017','2017-03-10','2017-03-10','LUNAS',1),('T16090700000010','0031923874','K0001','B0002','April 2017','2017-04-10','2017-04-10','LUNAS',1),('T16090700000011','0031923874','K0001','B0002','Mei 2017','2017-05-10','2017-05-10','LUNAS',1),('T16090700000012','0031923874','K0001','B0002','Juni 2017','2017-06-10','2017-05-10','LUNAS',1),('T16090700000013','0030013912','K0001','B0002','Juli 2016','2016-07-10','2016-07-10','LUNAS',1),('T16090700000014','0030013912','K0001','B0002','Agustus 2016','2016-08-10','2016-08-10','LUNAS',1),('T16090700000015','0030013912','K0001','B0002','September 2016','2016-09-10','2016-09-10','LUNAS',1),('T16090700000016','0030013912','K0001','B0002','Oktober 2016','2016-10-10','2016-10-10','LUNAS',1),('T16090700000017','0030013912','K0001','B0002','November 2016','2016-11-10','2016-11-10','LUNAS',1),('T16090700000018','0030013912','K0001','B0002','Desember 2016','2016-12-10','2016-12-10','LUNAS',1),('T16090700000019','0030013912','K0001','B0002','Januari 2017','2017-01-10','2017-01-10','LUNAS',1),('T16090700000020','0030013912','K0001','B0002','Februari 2017','2017-02-10','2017-02-10','LUNAS',1),('T16090700000021','0030013912','K0001','B0002','Maret 2017','2017-03-10','2017-03-10','LUNAS',1),('T16090700000022','0030013912','K0001','B0002','April 2017','2017-04-10','2017-04-10','LUNAS',1),('T16090700000023','0030013912','K0001','B0002','Mei 2017','2017-05-10','2017-05-10','LUNAS',1),('T16090700000024','0030013912','K0001','B0002','Juni 2017','2017-06-10','2017-05-10','LUNAS',1),('T16090700000025','0031982370','K0001','B0002','Juli 2016','2016-07-10','2016-07-10','LUNAS',1),('T16090700000026','0031982370','K0001','B0002','Agustus 2016','2016-08-10','2016-08-10','LUNAS',1),('T16090700000027','0031982370','K0001','B0002','September 2016','2016-09-10','2016-09-10','LUNAS',1),('T16090700000028','0031982370','K0001','B0002','Oktober 2016','2016-10-10','2016-10-10','LUNAS',1),('T16090700000029','0031982370','K0001','B0002','November 2016','2016-11-10','2016-11-10','LUNAS',1),('T16090700000030','0031982370','K0001','B0002','Desember 2016','2016-12-10','2016-12-10','LUNAS',1),('T16090700000031','0031982370','K0001','B0002','Januari 2017','2017-01-10','2016-12-10','LUNAS',1),('T16090700000032','0031982370','K0001','B0002','Februari 2017','2017-02-10','2017-02-10','LUNAS',1),('T16090700000033','0031982370','K0001','B0002','Maret 2017','2017-03-10','2017-03-10','LUNAS',1),('T16090700000034','0031982370','K0001','B0002','April 2017','2017-04-10','2017-04-10','LUNAS',1),('T16090700000035','0031982370','K0001','B0002','Mei 2017','2017-05-10','2017-05-10','LUNAS',1),('T16090700000036','0031982370','K0001','B0002','Juni 2017','2017-06-10','2017-06-10','LUNAS',1),('T16090700000037','0039283746','K0001','B0002','Juli 2016','2016-07-10','2016-07-10','LUNAS',1),('T16090700000038','0039283746','K0001','B0002','Agustus 2016','2016-08-10','2016-08-10','LUNAS',1),('T16090700000039','0039283746','K0001','B0002','September 2016','2016-09-10','2016-09-10','LUNAS',1),('T16090700000040','0039283746','K0001','B0002','Oktober 2016','2016-10-10','2016-10-10','LUNAS',1),('T16090700000041','0039283746','K0001','B0002','November 2016','2016-11-10','2016-11-10','LUNAS',1),('T16090700000042','0039283746','K0001','B0002','Desember 2016','2016-12-10','2016-12-10','LUNAS',1),('T16090700000043','0039283746','K0001','B0002','Januari 2017','2017-01-10','2017-01-10','LUNAS',1),('T16090700000044','0039283746','K0001','B0002','Februari 2017','2017-02-10','2017-02-10','LUNAS',1),('T16090700000045','0039283746','K0001','B0002','Maret 2017','2017-03-10','2017-03-10','LUNAS',1),('T16090700000046','0039283746','K0001','B0002','April 2017','2017-04-10','2017-04-10','LUNAS',1),('T16090700000047','0039283746','K0001','B0002','Mei 2017','2017-05-10','2017-05-10','LUNAS',1),('T16090700000048','0039283746','K0001','B0002','Juni 2017','2017-06-10','2017-06-10','LUNAS',1),('T17090700000001','0030013912','K0005','B0002','Juli 2017','2017-07-10','2017-07-10','LUNAS',1),('T17090700000002','0030013912','K0005','B0002','Agustus 2017','2017-08-10','2017-08-10','LUNAS',1),('T17090700000003','0030013912','K0005','B0002','September 2017','2017-09-10','2017-09-10','LUNAS',1),('T17090700000004','0030013912','K0005','B0002','Oktober 2017','2017-10-10','2017-10-10','LUNAS',1),('T17090700000005','0030013912','K0005','B0002','November 2017','2017-11-10','2017-11-10','LUNAS',1),('T17090700000006','0030013912','K0005','B0002','Desember 2017','2017-12-10','2017-12-10','LUNAS',1),('T17090700000007','0030013912','K0005','B0002','Januari 2018','2018-01-10','2018-01-10','LUNAS',1),('T17090700000008','0030013912','K0005','B0002','Februari 2018','2018-02-10','2018-02-10','LUNAS',1),('T17090700000009','0030013912','K0005','B0002','Maret 2018','2018-03-10','2018-03-10','LUNAS',1),('T17090700000010','0030013912','K0005','B0002','April 2018','2018-04-10',NULL,'BELUM LUNAS',NULL),('T17090700000011','0030013912','K0005','B0002','Mei 2018','2018-05-10',NULL,'BELUM LUNAS',NULL),('T17090700000012','0030013912','K0005','B0002','Juni 2018','2018-06-10',NULL,'BELUM LUNAS',NULL),('T17090700000013','0031923874','K0005','B0002','Juli 2017','2017-07-10','2017-07-10','LUNAS',1),('T17090700000014','0031923874','K0005','B0002','Agustus 2017','2017-08-10','2017-08-10','LUNAS',1),('T17090700000015','0031923874','K0005','B0002','September 2017','2017-09-10','2017-09-10','LUNAS',1),('T17090700000016','0031923874','K0005','B0002','Oktober 2017','2017-10-10','2017-10-10','LUNAS',1),('T17090700000017','0031923874','K0005','B0002','November 2017','2017-11-10','2017-11-10','LUNAS',1),('T17090700000018','0031923874','K0005','B0002','Desember 2017','2017-12-10','2017-12-10','LUNAS',1),('T17090700000019','0031923874','K0005','B0002','Januari 2018','2018-01-10','2018-01-10','LUNAS',1),('T17090700000020','0031923874','K0005','B0002','Februari 2018','2018-02-10','2018-02-10','LUNAS',1),('T17090700000021','0031923874','K0005','B0002','Maret 2018','2018-03-10','2018-03-10','LUNAS',1),('T17090700000022','0031923874','K0005','B0002','April 2018','2018-04-10','2018-04-10','LUNAS',1),('T17090700000023','0031923874','K0005','B0002','Mei 2018','2018-05-10','2018-07-13','LUNAS',1),('T17090700000024','0031923874','K0005','B0002','Juni 2018','2018-06-10',NULL,'BELUM LUNAS',NULL),('T17090700000025','0031982370','K0005','B0002','Juli 2017','2017-07-10','2017-07-10','LUNAS',1),('T17090700000026','0031982370','K0005','B0002','Agustus 2017','2017-08-10','2017-08-10','LUNAS',1),('T17090700000027','0031982370','K0005','B0002','September 2017','2017-09-10','2017-09-10','LUNAS',1),('T17090700000028','0031982370','K0005','B0002','Oktober 2017','2017-10-10','2017-10-10','LUNAS',1),('T17090700000029','0031982370','K0005','B0002','November 2017','2017-11-10','2017-11-10','LUNAS',1),('T17090700000030','0031982370','K0005','B0002','Desember 2017','2017-12-10','2017-12-10','LUNAS',1),('T17090700000031','0031982370','K0005','B0002','Januari 2018','2018-01-10','2018-01-10','LUNAS',1),('T17090700000032','0031982370','K0005','B0002','Februari 2018','2018-02-10','2018-02-10','LUNAS',1),('T17090700000033','0031982370','K0005','B0002','Maret 2018','2018-03-10',NULL,'BELUM LUNAS',NULL),('T17090700000034','0031982370','K0005','B0002','April 2018','2018-04-10',NULL,'BELUM LUNAS',NULL),('T17090700000035','0031982370','K0005','B0002','Mei 2018','2018-05-10',NULL,'BELUM LUNAS',NULL),('T17090700000036','0031982370','K0005','B0002','Juni 2018','2018-06-10',NULL,'BELUM LUNAS',NULL),('T17090700000037','0039283746','K0005','B0002','Juli 2017','2017-07-10','2017-07-10','LUNAS',1),('T17090700000038','0039283746','K0005','B0002','Agustus 2017','2017-08-10','2017-08-10','LUNAS',1),('T17090700000039','0039283746','K0005','B0002','September 2017','2017-09-10','2017-09-10','LUNAS',1),('T17090700000040','0039283746','K0005','B0002','Oktober 2017','2017-10-10','2017-10-10','LUNAS',1),('T17090700000041','0039283746','K0005','B0002','November 2017','2017-11-10','2017-11-10','LUNAS',1),('T17090700000042','0039283746','K0005','B0002','Desember 2017','2017-12-10','2017-12-10','LUNAS',1),('T17090700000043','0039283746','K0005','B0002','Januari 2018','2018-01-10','2018-01-10','LUNAS',1),('T17090700000044','0039283746','K0005','B0002','Februari 2018','2018-02-10','2018-02-10','LUNAS',1),('T17090700000045','0039283746','K0005','B0002','Maret 2018','2018-03-10','2018-03-10','LUNAS',1),('T17090700000046','0039283746','K0005','B0002','April 2018','2018-04-10','2018-04-10','LUNAS',1),('T17090700000047','0039283746','K0005','B0002','Mei 2018','2018-05-10',NULL,'BELUM LUNAS',NULL),('T17090700000048','0039283746','K0005','B0002','Juni 2018','2018-06-10',NULL,'BELUM LUNAS',NULL),('T17090700000049','0039182459','K0001','B0003','Juli 2017','2017-07-10','2017-07-10','LUNAS',1),('T17090700000050','0039182459','K0001','B0003','Agustus 2017','2017-08-10','2017-08-10','LUNAS',1),('T17090700000051','0039182459','K0001','B0003','September 2017','2017-09-10','2017-09-10','LUNAS',1),('T17090700000052','0039182459','K0001','B0003','Oktober 2017','2017-10-10','2017-10-10','LUNAS',1),('T17090700000053','0039182459','K0001','B0003','November 2017','2017-11-10','2017-11-10','LUNAS',1),('T17090700000054','0039182459','K0001','B0003','Desember 2017','2017-12-10','2017-12-10','LUNAS',1),('T17090700000055','0039182459','K0001','B0003','Januari 2018','2018-01-10','2018-01-10','LUNAS',1),('T17090700000056','0039182459','K0001','B0003','Februari 2018','2018-02-10','2018-02-10','LUNAS',1),('T17090700000057','0039182459','K0001','B0003','Maret 2018','2018-03-10','2018-03-10','LUNAS',1),('T17090700000058','0039182459','K0001','B0003','April 2018','2018-04-10',NULL,'BELUM LUNAS',NULL),('T17090700000059','0039182459','K0001','B0003','Mei 2018','2018-05-10',NULL,'BELUM LUNAS',NULL),('T17090700000060','0039182459','K0001','B0003','Juni 2018','2018-06-10',NULL,'BELUM LUNAS',NULL),('T17090700000061','0039182379','K0001','B0003','Juli 2017','2017-07-10','2017-07-10','LUNAS',1),('T17090700000062','0039182379','K0001','B0003','Agustus 2017','2017-08-10','2017-08-10','LUNAS',1),('T17090700000063','0039182379','K0001','B0003','September 2017','2017-09-10','2017-09-10','LUNAS',1),('T17090700000064','0039182379','K0001','B0003','Oktober 2017','2017-10-10','2017-10-10','LUNAS',1),('T17090700000065','0039182379','K0001','B0003','November 2017','2017-11-10','2017-11-10','LUNAS',1),('T17090700000066','0039182379','K0001','B0003','Desember 2017','2017-12-10','2017-12-10','LUNAS',1),('T17090700000067','0039182379','K0001','B0003','Januari 2018','2018-01-10','2018-01-10','LUNAS',1),('T17090700000068','0039182379','K0001','B0003','Februari 2018','2018-02-10','2018-02-10','LUNAS',1),('T17090700000069','0039182379','K0001','B0003','Maret 2018','2018-03-10','2018-03-10','LUNAS',1),('T17090700000070','0039182379','K0001','B0003','April 2018','2018-04-10','2018-04-10','LUNAS',1),('T17090700000071','0039182379','K0001','B0003','Mei 2018','2018-05-10',NULL,'BELUM LUNAS',NULL),('T17090700000072','0039182379','K0001','B0003','Juni 2018','2018-06-10',NULL,'BELUM LUNAS',NULL),('T17090700000073','0031938265','K0001','B0003','Juli 2017','2017-07-10','2017-07-10','LUNAS',1),('T17090700000074','0031938265','K0001','B0003','Agustus 2017','2017-08-10','2017-08-10','LUNAS',1),('T17090700000075','0031938265','K0001','B0003','September 2017','2017-09-10','2017-09-10','LUNAS',1),('T17090700000076','0031938265','K0001','B0003','Oktober 2017','2017-10-10','2017-10-10','LUNAS',1),('T17090700000077','0031938265','K0001','B0003','November 2017','2017-11-10','2017-11-10','LUNAS',1),('T17090700000078','0031938265','K0001','B0003','Desember 2017','2017-12-10','2017-12-10','LUNAS',1),('T17090700000079','0031938265','K0001','B0003','Januari 2018','2018-01-10','2018-01-10','LUNAS',1),('T17090700000080','0031938265','K0001','B0003','Februari 2018','2018-02-10','2018-02-10','LUNAS',1),('T17090700000081','0031938265','K0001','B0003','Maret 2018','2018-03-10','2018-03-10','LUNAS',1),('T17090700000082','0031938265','K0001','B0003','April 2018','2018-04-10','2018-04-10','LUNAS',1),('T17090700000083','0031938265','K0001','B0003','Mei 2018','2018-05-10','2018-05-10','LUNAS',1),('T17090700000084','0031938265','K0001','B0003','Juni 2018','2018-06-10',NULL,'BELUM LUNAS',NULL),('T17090700000085','0039189911','K0001','B0003','Juli 2017','2017-07-10','2017-07-10','LUNAS',1),('T17090700000086','0039189911','K0001','B0003','Agustus 2017','2017-08-10','2017-08-10','LUNAS',1),('T17090700000087','0039189911','K0001','B0003','September 2017','2017-09-10','2017-09-10','LUNAS',1),('T17090700000088','0039189911','K0001','B0003','Oktober 2017','2017-10-10','2017-10-10','LUNAS',1),('T17090700000089','0039189911','K0001','B0003','November 2017','2017-11-10','2017-11-10','LUNAS',1),('T17090700000090','0039189911','K0001','B0003','Desember 2017','2017-12-10','2017-12-10','LUNAS',1),('T17090700000091','0039189911','K0001','B0003','Januari 2018','2018-01-10','2018-01-10','LUNAS',1),('T17090700000092','0039189911','K0001','B0003','Februari 2018','2018-02-10','2018-02-10','LUNAS',1),('T17090700000093','0039189911','K0001','B0003','Maret 2018','2018-03-10','2018-03-10','LUNAS',1),('T17090700000094','0039189911','K0001','B0003','April 2018','2018-04-10','2018-04-10','LUNAS',1),('T17090700000095','0039189911','K0001','B0003','Mei 2018','2018-05-10',NULL,'BELUM LUNAS',NULL),('T17090700000096','0039189911','K0001','B0003','Juni 2018','2018-06-10',NULL,'BELUM LUNAS',NULL),('T17090700000097','0039928392','K0001','B0003','Juli 2017','2017-07-10','2017-07-10','LUNAS',1),('T17090700000098','0039928392','K0001','B0003','Agustus 2017','2017-08-10','2017-08-10','LUNAS',1),('T17090700000099','0039928392','K0001','B0003','September 2017','2017-09-10','2017-09-10','LUNAS',1),('T17090700000100','0039928392','K0001','B0003','Oktober 2017','2017-10-10','2017-10-10','LUNAS',1),('T17090700000101','0039928392','K0001','B0003','November 2017','2017-11-10','2017-11-10','LUNAS',1),('T17090700000102','0039928392','K0001','B0003','Desember 2017','2017-12-10','2017-12-10','LUNAS',1),('T17090700000103','0039928392','K0001','B0003','Januari 2018','2018-01-10','2018-01-10','LUNAS',1),('T17090700000104','0039928392','K0001','B0003','Februari 2018','2018-02-10','2018-02-10','LUNAS',1),('T17090700000105','0039928392','K0001','B0003','Maret 2018','2018-03-10','2018-03-10','LUNAS',1),('T17090700000106','0039928392','K0001','B0003','April 2018','2018-04-10','2018-04-10','LUNAS',1),('T17090700000107','0039928392','K0001','B0003','Mei 2018','2018-05-10',NULL,'BELUM LUNAS',NULL),('T17090700000108','0039928392','K0001','B0003','Juni 2018','2018-06-10',NULL,'BELUM LUNAS',NULL),('T18140700000001','0031986234','K0001','B0004','Juli 2018','2018-07-10','2018-07-10','LUNAS',1),('T18140700000002','0031986234','K0001','B0004','Agustus 2018','2018-08-10',NULL,'BELUM LUNAS',NULL),('T18140700000003','0031986234','K0001','B0004','September 2018','2018-09-10',NULL,'BELUM LUNAS',NULL),('T18140700000004','0031986234','K0001','B0004','Oktober 2018','2018-10-10',NULL,'BELUM LUNAS',NULL),('T18140700000005','0031986234','K0001','B0004','November 2018','2018-11-10',NULL,'BELUM LUNAS',NULL),('T18140700000006','0031986234','K0001','B0004','Desember 2018','2018-12-10',NULL,'BELUM LUNAS',NULL),('T18140700000007','0031986234','K0001','B0004','Januari 2019','2019-01-10',NULL,'BELUM LUNAS',NULL),('T18140700000008','0031986234','K0001','B0004','Februari 2019','2019-02-10',NULL,'BELUM LUNAS',NULL),('T18140700000009','0031986234','K0001','B0004','Maret 2019','2019-03-10',NULL,'BELUM LUNAS',NULL),('T18140700000010','0031986234','K0001','B0004','April 2019','2019-04-10',NULL,'BELUM LUNAS',NULL),('T18140700000011','0031986234','K0001','B0004','Mei 2019','2019-05-10',NULL,'BELUM LUNAS',NULL),('T18140700000012','0031986234','K0001','B0004','Juni 2019','2019-06-10',NULL,'BELUM LUNAS',NULL),('T18140700000013','0038181377','K0001','B0004','Juli 2018','2018-07-10','2018-07-10','LUNAS',1),('T18140700000014','0038181377','K0001','B0004','Agustus 2018','2018-08-10',NULL,'BELUM LUNAS',NULL),('T18140700000015','0038181377','K0001','B0004','September 2018','2018-09-10',NULL,'BELUM LUNAS',NULL),('T18140700000016','0038181377','K0001','B0004','Oktober 2018','2018-10-10',NULL,'BELUM LUNAS',NULL),('T18140700000017','0038181377','K0001','B0004','November 2018','2018-11-10',NULL,'BELUM LUNAS',NULL),('T18140700000018','0038181377','K0001','B0004','Desember 2018','2018-12-10',NULL,'BELUM LUNAS',NULL),('T18140700000019','0038181377','K0001','B0004','Januari 2019','2019-01-10',NULL,'BELUM LUNAS',NULL),('T18140700000020','0038181377','K0001','B0004','Februari 2019','2019-02-10',NULL,'BELUM LUNAS',NULL),('T18140700000021','0038181377','K0001','B0004','Maret 2019','2019-03-10',NULL,'BELUM LUNAS',NULL),('T18140700000022','0038181377','K0001','B0004','April 2019','2019-04-10',NULL,'BELUM LUNAS',NULL),('T18140700000023','0038181377','K0001','B0004','Mei 2019','2019-05-10',NULL,'BELUM LUNAS',NULL),('T18140700000024','0038181377','K0001','B0004','Juni 2019','2019-06-10',NULL,'BELUM LUNAS',NULL);

#
# Structure for table "sp_tunggakan"
#

DROP TABLE IF EXISTS `sp_tunggakan`;
CREATE TABLE `sp_tunggakan` (
  `no_speringatan` varchar(17) NOT NULL DEFAULT '',
  `no_pemspp` varchar(15) NOT NULL,
  `tgl_speringatan` date DEFAULT NULL,
  PRIMARY KEY (`no_speringatan`,`no_pemspp`),
  KEY `no_pemspp` (`no_pemspp`),
  CONSTRAINT `sp_tunggakan_ibfk_1` FOREIGN KEY (`no_pemspp`) REFERENCES `tb_pembayaranspp` (`no_pemspp`)
) ENGINE=InnoDB DEFAULT CHARSET=latin1;

#
# Data for table "sp_tunggakan"
#

INSERT INTO `sp_tunggakan` VALUES ('SPT18100700000001','T17090700000058','2018-07-10'),('SPT18100700000001','T17090700000059','2018-07-10'),('SPT18100700000001','T17090700000060','2018-07-10'),('SPT18100700000002','T17090700000033','2018-07-10'),('SPT18100700000002','T17090700000034','2018-07-10'),('SPT18100700000002','T17090700000035','2018-07-10'),('SPT18100700000002','T17090700000036','2018-07-10'),('SPT18130700000001','T17090700000071','2018-07-13'),('SPT18130700000001','T17090700000072','2018-07-13'),('SPT18140700000001','T17090700000047','2018-07-14'),('SPT18140700000001','T17090700000048','2018-07-14');

#
# Structure for table "tb_siswa"
#

DROP TABLE IF EXISTS `tb_siswa`;
CREATE TABLE `tb_siswa` (
  `nisn` varchar(10) NOT NULL DEFAULT '0',
  `nm_siswa` varchar(50) DEFAULT NULL,
  `jenis_kelamin` varchar(12) DEFAULT NULL,
  `tempat_lahir` varchar(30) DEFAULT NULL,
  `tgl_lahir_siswa` date DEFAULT NULL,
  `agama` varchar(10) DEFAULT NULL,
  `alamat_siswa` varchar(80) DEFAULT NULL,
  `telp_siswa` varchar(13) DEFAULT NULL,
  `nm_orangtua` varchar(50) DEFAULT NULL,
  `tgl_lahir_orangtua` date DEFAULT NULL,
  `pekerjaan` varchar(20) DEFAULT NULL,
  `alamat_kantor` varchar(80) DEFAULT NULL,
  `penghasilan` varchar(30) DEFAULT NULL,
  `alamat_orangtua` varchar(80) DEFAULT NULL,
  `telp_orangtua` varchar(13) DEFAULT NULL,
  PRIMARY KEY (`nisn`)
) ENGINE=InnoDB DEFAULT CHARSET=latin1;

#
# Data for table "tb_siswa"
#

INSERT INTO `tb_siswa` VALUES ('0030013912','ANDI HERNANDI','LAKI-LAKI','TANGERANG','2004-05-22','ISLAM','JL. KEBANGSAAN 1 NO.43 CIPUTAT\t\t\t\t\t\t\t\t\t\t\t\t\t\t\t\t\t\t','083912748712','SUNARTO','1969-06-28','KARYAWAN','CIPUTAT','1.000.000-3.000.000',NULL,'089615743878'),('0031823745','HOHOHOHOHOHO','LAKI-LAKI','JAKARTA','2004-06-23','ISLAM','JL VIDAG TOL','083921741661','ADUHAI','1978-01-23','WIRAUSAHA','CILEDUG',NULL,NULL,'089372864716'),('0031829485','EVITA AMEGIA','PEREMPUAN','PARUNG','2004-10-20','KRISTEN','JL PARUNG PANJANG 7 NO. 47 JAKARTA SELATAN','083737362624','AANG ASHARI','1976-09-09','SWASTA','CIJANTUNG',NULL,NULL,'083870975364'),('0031923765','DIO JUNIOR','LAKI-LAKI','MEDAN','2004-01-27','KRISTEN','JL. GANG MASJID RT 04 JAKARTA SELATAN','089293939392','ANGGUN','1974-07-07','SWASTA','PAMULANG',NULL,NULL,'089615798765'),('0031923874','ADITYA DIMAS SAPUTRA','LAKI-LAKI','JAKARTA','2003-03-19','ISLAM','JL VILLA DAGO TOL BLOK H 15 NO 37\t\t\t\t\t\t\t\t\t\t\t\t\t\t\t\t\t\t','081213241561','ENG','1986-03-08','WIRAUSAHA','JAKARTA','3.000.000-5.000.000','JAKARTA XXI','083927316581'),('0031938265','BUDIMAN','LAKI-LAKI','TANGERANG','2004-08-27','ISLAM','JL ULUJAMI III NO.86 JAKARTA SELATAN','086677890031','SUBANDI','1978-03-17','WIRAUSAHA','JAKRTA BARAT',NULL,NULL,'089777864716'),('0031982370','ARDISENA','PEREMPUAN','MAGELANG','2004-02-23','ISLAM','JL MAJALENGKA BARAT NO.6 JAWA TIMUR\t\t\t\t\t\t\t\t\t','081293746166','SUHELI','1976-12-20','KARYAWAN','BANDUNG','1.000.000-3.000.000','EA EA 09','089772864716'),('0031986234','RYAN ADITYA PRATAMA','LAKI-LAKI','SEMARANG','2004-09-09','ISLAM','JL ULUJAMI RT 03 N0.37','089327157616','PRATAMA','1987-07-23','WIRAUSAHA','DEPOK',NULL,NULL,'087878475364'),('0038181377','RAHMA ARSILA RAHMAWATI','PEREMPUAN','JAKARTA','2003-08-26','ISLAM','JL PANTI ASUAHAN RT 08 N0.54 PONDOK AREN','089775656716','RAHMAWATI','1990-04-02','WIRAUSAHA','BANTEN',NULL,NULL,'087872864716'),('0038217476','ADRIANO OKTO','LAKI-LAKI','JAKARTA','2003-08-27','KRISTEN','JL. YUKI TAYO 01','089237236174','RANDEN IDRENO','1987-09-26','WIRAUSAHA','JL. SUPER SAIYA 003','3.000.000-5.000.000','JL SUKARELA SEJATI 005','089327183671'),('0039182379','BAGAS HERLAMBANG','LAKI-LAKI','SEMARANG','2004-11-22','ISLAM','JL PANTIAN N0.34 CIPUTAT','081236518823','ADITYO','1981-01-13','PEDAGANG','SAMARINDA',NULL,NULL,'081223749809'),('0039182459','AURA SHAFINKA','PEREMPUAN','JAKARTA','2004-02-20','KRISTEN','GANG SATE RT 02 NO.89 PONDOK AREN','088737265612','RUTH SARAH','1970-01-24','PEDAGANG','BOGOR',NULL,NULL,'089772864710'),('0039182645','TESYA BINTANG SABILA','PEREMPUAN','JAKARTA','2003-12-20','KRISTEN','JL ULUJAMI II NO.01','083738381471','SABIL','1988-03-14','WIRAUSAHA','DEPOK',NULL,NULL,'081323749877'),('0039182746','NABILA MAULIDIA','PEREMPUAN','TANGERANG','2004-04-16','ISLAM','JL RA KARTINI NO.23 JAKSEL','082389165162','WATI','1988-03-28','SWASTA','CIRENDEU',NULL,NULL,'089972864716'),('0039189911','DANIELA NANDA MEILYANA','LAKI-LAKI','JAKARTA','2004-10-06','KRISTEN','JL PANGLIMA II NO.67 PESANGGRAHAN JAKARTA SELATAN','088832984182','WIWIK','1983-12-24','KARYAWAN','CIPUTAT TIMUR',NULL,NULL,'083823709857'),('0039283746','ARI SETIAWAN','LAKI-LAKI','KUDUS','2004-03-19','ISLAM','JL PESANGGRAHAN II NO.9 JAKARTA SELATAN','081237165661','SUHENDAR','1972-04-12','WIRAUSAH','BOGOR','< 1.000.000','HHHH','081323749857'),('0039928392','DIMAS RIZKY AVINO','LAKI-LAKI','JAKRTA','2003-02-24','ISLAM','JL.PALAPA NUSA INDA NO 9018','083926471656','RIZKY VIOLO','1987-03-03','BURUH','JL. SEMANGGI RAYA CIMPAK NO.33','3.000.000-5.000.000','JL.PALAPA NUSA INDA NO 9018','083263761624');

#
# Structure for table "detil_siswakelas"
#

DROP TABLE IF EXISTS `detil_siswakelas`;
CREATE TABLE `detil_siswakelas` (
  `nisn` varchar(10) NOT NULL DEFAULT '0',
  `id_kelas` varchar(5) NOT NULL DEFAULT '',
  `id_biayaspp` varchar(10) NOT NULL DEFAULT '0',
  `tahun_ajaran` varchar(9) DEFAULT NULL,
  `status` varchar(7) DEFAULT NULL,
  KEY `nisn` (`nisn`),
  KEY `id_kelas` (`id_kelas`),
  KEY `id_biayaspp` (`id_biayaspp`),
  CONSTRAINT `detil_siswakelas_ibfk_1` FOREIGN KEY (`nisn`) REFERENCES `tb_siswa` (`nisn`),
  CONSTRAINT `detil_siswakelas_ibfk_2` FOREIGN KEY (`id_kelas`) REFERENCES `tb_kelas` (`id_kelas`),
  CONSTRAINT `detil_siswakelas_ibfk_3` FOREIGN KEY (`id_biayaspp`) REFERENCES `tb_biayaspp` (`id_biayaspp`)
) ENGINE=InnoDB DEFAULT CHARSET=latin1;

#
# Data for table "detil_siswakelas"
#

INSERT INTO `detil_siswakelas` VALUES ('0030013912','K0001','B0002','2016/2017','AKTIF'),('0030013912','K0005','B0002','2017/2018','AKTIF'),('0031923874','K0001','B0002','2016/2017','AKTIF'),('0031923874','K0005','B0002','2017/2018','AKTIF'),('0031938265','K0001','B0003','2017/2018','AKTIF'),('0031982370','K0001','B0002','2016/2017','AKTIF'),('0031982370','K0005','B0002','2017/2018','AKTIF'),('0039182379','K0001','B0003','2017/2018','AKTIF'),('0039182459','K0001','B0003','2017/2018','AKTIF'),('0039189911','K0001','B0003','2017/2018','AKTIF'),('0039283746','K0001','B0002','2016/2017','AKTIF'),('0039283746','K0005','B0002','2017/2018','AKTIF'),('0039928392','K0001','B0003','2017/2018','AKTIF'),('0031986234','K0001','B0004','2018/2019','AKTIF'),('0038181377','K0001','B0004','2018/2019','AKTIF');
